parameter,value
tc,1.4431142257988776
beta,0.222781180767507
omega,8.43194131902493
r_squared,0.8041886696562415
rmse,0.029790022996314152
